Rk,Player,Nation,Pos,Squad,Comp,Age,Born,MP,Starts,Min,90s,GA,GA90,SoTA,Saves,Save%,W,D,L,CS,CS%,PKatt,PKA,PKsv,PKm,Save%
1,Julen Agirrezabala,es ESP,GK,Racing Sant,es La Liga,25-276,2000,7,7,630,7,21,3,50,29,58,2,1,4,0,0,4,3,1,0,25
2,Alisson,br BRA,GK,Liverpool,eng Premier League,33-361,1992,5,5,450,5,4,0.8,18,14,77.8,2,3,0,3,60,1,1,0,0,0
3,Noah Atubolu,de GER,GK,Frankfurt,de Bundesliga,24-126,2002,4,4,360,4,10,2.5,30,20,66.7,1,2,1,0,0,1,0,1,0,100
4,Emil Audero,id IDN,GK,Rayo Vallecano,es La Liga,29-253,1997,3,3,270,3,6,2,18,12,66.7,1,1,1,0,0,1,1,0,0,0
5,Mio Backhaus,de GER,GK,Freiburg,de Bundesliga,22-165,2004,4,4,360,4,3,0.75,9,6,66.7,3,1,0,2,50,0,0,0,0,0
6,Augusto Batalla,ar ARG,GK,Rayo Vallecano,es La Liga,30-151,1996,2,2,149,1.7,2,1.21,5,3,60,0,1,1,0,0,2,2,0,0,0
7,Oliver Baumann,de GER,GK,Hoffenheim,de Bundesliga,36-118,1990,4,4,360,4,10,2.5,21,11,52.4,1,0,3,0,0,0,0,0,0,0
8,Patrick Beach,au AUS,GK,Troyes,fr Ligue 1,23-053,2003,5,5,450,5,11,2.2,27,16,59.3,1,1,3,1,20,0,0,0,0,0
9,Walter Benítez,ar ARG,GK,Crystal Palace,eng Premier League,33-252,1993,2,2,180,2,3,1.5,8,5,62.5,0,1,1,1,50,0,0,0,0,0
10,Justin Bijlow,nl NED,GK,Genoa,it Serie A,28-249,1998,5,5,450,5,10,2,23,13,56.5,0,1,4,0,0,0,0,0,0,0
11,Marco Bizot,nl NED,GK,Aston Villa,eng Premier League,35-202,1991,1,1,90,1,4,4,7,3,42.9,0,0,1,0,0,0,0,0,0,0
12,Fabian Bredlow,de GER,GK,Stuttgart,de Bundesliga,31-210,1995,4,4,360,4,9,2.25,24,15,62.5,1,0,3,0,0,0,0,0,0,0
13,Jean Butez,fr FRA,GK,Como,it Serie A,31-112,1995,4,4,360,4,5,1.25,13,8,61.5,2,1,1,0,0,0,0,0,0,0
14,Elia Caprile,it ITA,GK,Cagliari,it Serie A,25-034,2001,5,5,450,5,2,0.4,21,18,90.5,4,0,1,3,60,0,0,0,0,0
15,Dani Cárdenas,es ESP,GK,Rayo Vallecano,es La Liga,29-184,1997,3,2,211,2.3,8,3.41,16,8,50,1,0,1,0,0,0,0,0,0,0
16,Marco Carnesecchi,it ITA,GK,Atalanta,it Serie A,26-089,2000,5,5,450,5,7,1.4,32,25,78.1,2,0,3,1,20,1,1,0,0,0
17,Edoardo Corvi,it ITA,GK,Parma,it Serie A,25-189,2001,5,5,450,5,7,1.4,28,21,75,1,1,3,0,0,0,0,0,0,0
18,Thibaut Courtois,be BEL,GK,Real Madrid,es La Liga,34-140,1992,7,7,630,7,8,1.14,29,21,72.4,5,0,2,1,14.3,1,1,0,0,0
19,Finn Dahmen,de GER,GK,Augsburg,de Bundesliga,28-185,1998,4,4,360,4,6,1.5,27,21,77.8,2,1,1,1,25,0,0,0,0,0
20,Jeffrey De Lange,nl NED,GK,Marseille,fr Ligue 1,28-180,1998,5,5,450,5,8,1.6,31,23,74.2,1,0,4,1,20,1,1,0,0,0
21,Rémy Descamps,fr FRA,GK,Lyon,fr Ligue 1,30-095,1996,1,1,90,1,0,0,2,2,100,1,0,0,1,100,0,0,0,0,0
22,Stole Dimitrievski,mk MKD,GK,Valencia,es La Liga,32-277,1993,7,7,630,7,13,1.86,35,22,62.9,1,1,5,2,28.6,1,1,0,0,0
23,Mamadou Diop,mr MTN,GK,Auxerre,fr Ligue 1,26-268,2000,5,5,450,5,12,2.4,29,17,58.6,2,0,3,1,20,2,2,0,0,0
24,Yehvann Diouf,sn SEN,GK,Nice,fr Ligue 1,26-316,1999,5,5,450,5,6,1.2,22,16,72.7,1,2,2,1,20,1,1,0,0,0
25,Matías Dituro,ar ARG,GK,Elche,es La Liga,39-143,1987,7,7,630,7,17,2.43,35,18,51.4,1,2,4,0,0,1,1,0,0,0
26,Marko Dmitrovi?,rs SRB,GK,Espanyol,es La Liga,34-247,1992,7,7,630,7,10,1.43,32,22,68.8,2,1,4,2,28.6,0,0,0,0,0
27,Gianluigi Donnarumma,it ITA,GK,Manchester City,eng Premier League,27-215,1999,5,5,450,5,5,1,19,14,73.7,5,0,0,2,40,0,0,0,0,0
28,Wladimiro Falcone,it ITA,GK,Lecce,it Serie A,31-169,1995,5,5,450,5,10,2,37,27,73,2,0,3,1,20,0,0,0,0,0
29,Aitor Fernández,es ESP,GK,Osasuna,es La Liga,35-148,1991,2,2,180,2,5,2.5,13,8,61.5,0,1,1,0,0,0,0,0,0,0
30,Mark Flekken,nl NED,GK,Leverkusen,de Bundesliga,33-107,1993,4,4,360,4,5,1.25,14,9,64.3,2,1,1,2,50,0,0,0,0,0
31,Gauthier Gallon,fr FRA,GK,Le Havre,fr Ligue 1,33-158,1993,3,2,181,2,3,1.49,6,3,50,0,1,1,1,50,1,1,0,0,0
32,Joan García,es ESP,GK,Barcelona,es La Liga,25-147,2001,6,6,495,5.5,5,0.91,16,11,68.8,6,0,0,3,50,0,0,0,0,0
33,David de Gea,es ESP,GK,Fiorentina,it Serie A,35-325,1990,5,5,450,5,12,2.4,26,14,53.8,1,1,3,0,0,0,0,0,0,0
34,Dominik Greif,sk SVK,GK,Lyon,fr Ligue 1,29-175,1997,4,4,360,4,2,0.5,15,13,86.7,2,2,0,2,50,0,0,0,0,0
35,Péter Gulácsi,hu HUN,GK,Villarreal,es La Liga,36-145,1990,3,3,270,3,4,1.33,14,10,71.4,2,0,1,0,0,0,0,0,0,0
36,Ewan Hatfout,fr FRA,GK,Le Mans,fr Ligue 1,26-180,2000,3,2,190,2.1,4,1.89,9,5,55.6,0,2,0,0,0,1,1,0,0,0
37,Dean Henderson,eng ENG,GK,Crystal Palace,eng Premier League,29-200,1997,3,3,270,3,8,2.67,20,12,60,1,0,2,0,0,0,0,0,0,0
38,Sergio Herrera,es ESP,GK,Osasuna,es La Liga,33-115,1993,5,5,450,5,8,1.6,14,6,42.9,2,1,2,2,40,0,0,0,0,0
39,Alfonso Herrero,es ESP,GK,Málaga,es La Liga,32-160,1994,7,7,630,7,12,1.71,40,28,70,0,3,4,1,14.3,1,1,0,0,0
40,Daniel Heuer Fernandes,pt POR,GK,Hamburger SV,de Bundesliga,33-319,1992,4,4,360,4,13,3.25,26,13,50,1,0,3,0,0,0,0,0,0,0
41,Lukáš Horní?ek,cz CZE,GK,Newcastle,eng Premier League,24-077,2002,5,5,450,5,9,1.8,28,19,67.9,2,2,1,1,20,1,1,0,0,0
42,Lukáš Hrádeck?,fi FIN,GK,Monaco,fr Ligue 1,36-308,1989,5,5,450,5,3,0.6,22,19,86.4,4,1,0,2,40,0,0,0,0,0
43,Karl Jakob Hein,ee EST,GK,Werder Bremen,de Bundesliga,24-168,2002,4,4,360,4,8,2,18,10,55.6,2,1,1,0,0,1,0,1,0,100
44,Luiz Lúcio Reis Júnior,br BRA,GK,Villarreal,es La Liga,25-257,2001,4,4,360,4,8,2,14,6,42.9,0,2,2,0,0,1,1,0,0,0
45,Filip Jørgensen,dk DEN,GK,Strasbourg,fr Ligue 1,24-165,2002,5,5,450,5,10,2,31,21,67.7,2,1,2,0,0,2,2,0,0,0
46,Loris Karius,de GER,GK,Schalke 04,de Bundesliga,33-098,1993,4,4,360,4,4,1,27,23,85.2,1,2,1,2,50,0,0,0,0,0
47,Caoimhín Kelleher,ie IRL,GK,Brentford,eng Premier League,27-309,1998,5,5,450,5,4,0.8,21,17,81,2,3,0,2,40,1,1,0,0,0
48,Antonín Kinsk?,cz CZE,GK,Tottenham,eng Premier League,23-199,2003,5,5,450,5,8,1.6,20,12,60,0,2,3,2,40,1,0,0,1,0
49,Gregor Kobel,ch SUI,GK,Dortmund,de Bundesliga,28-296,1997,4,4,360,4,2,0.5,14,12,85.7,4,0,0,3,75,0,0,0,0,0
50,Nicolas Kocik,fr FRA,GK,Le Mans,fr Ligue 1,28-055,1998,3,3,260,2.9,5,1.73,15,10,66.7,1,1,1,0,0,0,0,0,0,0
51,Nicolas Kristof,at AUT,GK,Elversberg,de Bundesliga,26-282,1999,4,4,360,4,7,1.75,16,8,56.3,2,1,1,1,25,0,0,0,0,0
52,Senne Lammens,be BEL,GK,Manchester Utd,eng Premier League,24-083,2002,5,5,450,5,8,1.6,24,16,66.7,1,2,2,0,0,0,0,0,0,0
53,Nicolas Lemaître,fr FRA,GK,Rennes,fr Ligue 1,29-259,1997,1,1,90,1,2,2,5,3,60,1,0,0,0,0,1,1,0,0,0
54,Bernd Leno,de GER,GK,Fulham,eng Premier League,34-208,1992,5,5,450,5,8,1.6,24,16,66.7,0,2,3,1,20,0,0,0,0,0
55,Dominik Livakovi?,hr CRO,GK,Barcelona,es La Liga,31-262,1995,1,1,90,1,1,1,3,2,66.7,1,0,0,0,0,0,0,0,0,0
56,Anthony Lopes,pt POR,GK,Angers,fr Ligue 1,35-362,1990,5,5,450,5,5,1,31,26,83.9,2,1,2,2,40,0,0,0,0,0
57,Mike Maignan,fr FRA,GK,Milan,it Serie A,31-087,1995,5,5,450,5,4,0.8,17,13,76.5,3,2,0,2,40,0,0,0,0,0
58,Christos Mandas,gr GRE,GK,Lazio,it Serie A,25-011,2001,5,5,450,5,3,0.6,23,20,87,4,1,0,3,60,1,0,1,0,100
59,Unai Marrero,es ESP,GK,Real Sociedad,es La Liga,24-354,2001,1,1,90,1,2,2,10,8,80,1,0,0,0,0,0,0,0,0,0
60,Emiliano Martínez,ar ARG,GK,Chelsea,eng Premier League,34-026,1992,4,4,360,4,10,2.5,28,18,64.3,1,1,2,0,0,0,0,0,0,0
61,Josep Martinez,es ESP,GK,Inter,it Serie A,28-124,1998,5,5,450,5,8,1.6,20,12,60,4,1,0,1,20,0,0,0,0,0
62,Diego Mascardi,it ITA,GK,Torino,it Serie A,20-002,2006,2,2,180,2,4,2,11,7,63.6,0,0,2,0,0,0,0,0,0,0
63,Alex Meret,it ITA,GK,Napoli,it Serie A,29-190,1997,3,3,270,3,5,1.67,16,11,68.8,1,0,2,1,33.3,0,0,0,0,0
64,Vanja Milinkovi?-Savi?,rs SRB,GK,Napoli,it Serie A,29-220,1997,2,2,180,2,1,0.5,6,5,83.3,1,1,0,1,50,0,0,0,0,0
65,Lionel Mpasi,cd COD,GK,Le Havre,fr Ligue 1,32-058,1994,3,3,269,3,4,1.34,23,19,82.6,0,1,2,0,0,1,1,0,0,0
66,Arijanet Muric,xk KVX,GK,Sassuolo,it Serie A,27-325,1998,5,5,450,5,9,1.8,30,21,70,2,1,2,0,0,1,1,0,0,0
67,Yvon Mvogo,ch SUI,GK,Lorient,fr Ligue 1,32-114,1994,5,5,450,5,6,1.2,20,14,70,1,2,2,2,40,1,1,0,0,0
68,Manuel Neuer,de GER,GK,Bayern Munich,de Bundesliga,40-185,1986,3,3,270,3,1,0.33,7,6,85.7,2,1,0,2,66.7,0,0,0,0,0
69,Moritz Nicolas,de GER,GK,Gladbach,de Bundesliga,28-342,1997,4,4,360,4,16,4,38,22,57.9,0,0,4,0,0,0,0,0,0,0
70,Mathys Niflore,fr FRA,GK,Toulouse,fr Ligue 1,19-210,2007,2,1,110,1.2,3,2.45,6,3,50,0,1,0,0,0,0,0,0,0,0
71,Nahuel Noll,de GER,GK,Paderborn 07,de Bundesliga,23-195,2003,4,4,360,4,5,1.25,19,14,73.7,1,1,2,1,25,0,0,0,0,0
72,Jan Oblak,si SVN,GK,Atlético Madrid,es La Liga,33-264,1993,7,7,630,7,7,1,23,16,69.6,5,1,1,3,42.9,2,2,0,0,0
73,Maduka Okoye,ng NGA,GK,Udinese,it Serie A,27-031,1999,5,5,450,5,11,2.2,31,20,64.5,1,1,3,0,0,0,0,0,0,0
74,Berke Özer,tr TUR,GK,Lille,fr Ligue 1,26-126,2000,5,5,450,5,4,0.8,21,17,81,3,1,1,3,60,0,0,0,0,0
75,Lorenzo Palmisani,it ITA,GK,Frosinone,it Serie A,22-108,2004,5,5,450,5,4,0.8,25,21,84,3,1,1,2,40,1,0,0,1,0
76,Mattia Perin,it ITA,GK,Juventus,it Serie A,33-322,1992,1,0,1,0,0,0,0,0,,,,,1,,0,0,0,0,0
77,Lucas Perri,br BRA,GK,Torino,it Serie A,28-292,1997,3,3,270,3,4,1.33,11,7,63.6,1,1,1,0,0,0,0,0,0,0
78,Massimo Pessina,it ITA,GK,Bologna,it Serie A,18-277,2007,1,1,90,1,1,1,4,3,75,0,0,1,0,0,0,0,0,0,0
79,?or?e Petrovi?,rs SRB,GK,Bournemouth,eng Premier League,26-355,1999,5,5,450,5,8,1.6,19,11,57.9,0,3,2,0,0,0,0,0,0,0
80,Jordan Pickford,eng ENG,GK,Everton,eng Premier League,32-205,1994,5,5,450,5,3,0.6,18,15,83.3,2,3,0,3,60,0,0,0,0,0
81,Semuel Pizzignacco,it ITA,GK,Monza,it Serie A,25-027,2001,1,1,90,1,4,4,5,1,20,0,0,1,0,0,0,0,0,0,0
82,Matheo Raab,de GER,GK,Union Berlin,de Bundesliga,27-284,1998,1,1,90,1,3,3,3,0,0,0,1,0,0,0,0,0,0,0,0
83,Ionu? Radu,ro ROU,GK,Celta Vigo,es La Liga,29-123,1997,7,7,630,7,6,0.86,27,21,77.8,1,4,2,3,42.9,1,1,0,0,0
84,David Raya,es ESP,GK,Arsenal,eng Premier League,31-013,1995,5,5,450,5,4,0.8,12,8,66.7,4,0,1,3,60,1,0,1,0,100
85,Álex Remiro,es ESP,GK,Real Sociedad,es La Liga,31-188,1995,6,6,540,6,11,1.83,34,23,67.6,2,1,3,1,16.7,1,1,0,0,0
86,Guillaume Restes,fr FRA,GK,Toulouse,fr Ligue 1,21-201,2005,4,4,340,3.8,6,1.59,20,14,70,1,1,2,0,0,0,0,0,0,0
87,Robin Risser,fr FRA,GK,Lens,fr Ligue 1,21-300,2004,5,5,450,5,9,1.8,26,17,65.4,1,1,3,0,0,1,1,0,0,0
88,Robin Roefs,nl NED,GK,Sunderland,eng Premier League,23-254,2003,5,5,450,5,10,2,16,6,37.5,1,1,3,1,20,1,1,0,0,0
89,Leo Román,es ESP,GK,Dep. A Coruña,es La Liga,26-084,2000,7,7,630,7,8,1.14,31,23,74.2,2,4,1,0,0,1,1,0,0,0
90,Carl Rushworth,eng ENG,GK,Coventry City,eng Premier League,25-088,2001,5,5,450,5,10,2,19,9,47.4,1,0,4,1,20,1,1,0,0,0
91,Mathew Ryan,au AUS,GK,Levante,es La Liga,34-173,1992,6,6,540,6,12,2,33,21,63.6,1,2,3,2,33.3,2,1,1,0,50
92,Frederik Rønnow,dk DEN,GK,Union Berlin,de Bundesliga,34-055,1992,3,3,270,3,14,4.67,32,18,56.3,0,0,3,0,0,1,1,0,0,0
93,Matvei Safonov,ru RUS,GK,Paris SG,fr Ligue 1,27-215,1999,5,5,450,5,7,1.4,18,10,61.1,2,2,1,1,20,0,0,0,0,0
94,Brice Samba,fr FRA,GK,Rennes,fr Ligue 1,32-156,1994,4,4,360,4,7,1.75,22,15,68.2,2,1,1,1,25,0,0,0,0,0
95,Robert Sánchez,es ESP,GK,Chelsea,eng Premier League,28-314,1997,1,1,90,1,2,2,6,4,66.7,1,0,0,0,0,0,0,0,0,0
96,Robert Sánchez,es ESP,GK,Como,it Serie A,28-314,1997,1,1,90,1,1,1,4,3,75,1,0,0,0,0,0,0,0,0,0
97,Kjell Scherpen,nl NED,GK,Ipswich Town,eng Premier League,26-248,2000,4,4,360,4,10,2.5,25,15,60,2,0,2,0,0,1,1,0,0,0
98,Marvin Schwäbe,de GER,GK,Köln,de Bundesliga,31-156,1995,4,4,360,4,9,2.25,23,14,60.9,1,1,2,0,0,1,0,1,0,100
99,Alexander Schwolow,de GER,GK,Mainz 05,de Bundesliga,34-118,1992,2,2,180,2,3,1.5,8,5,62.5,2,0,0,1,50,2,1,0,1,0
100,Matz Sels,be BEL,GK,Nottingham,eng Premier League,34-214,1992,5,5,450,5,5,1,16,11,68.8,1,2,2,1,20,0,0,0,0,0
101,Egil Selvik,no NOR,GK,Brest,fr Ligue 1,29-060,1997,5,5,450,5,8,1.6,23,15,65.2,1,2,2,0,0,1,1,0,0,0
102,Unai Simón,es ESP,GK,Athletic Club,es La Liga,29-109,1997,6,6,540,6,6,1,23,17,73.9,2,2,2,3,50,1,1,0,0,0
103,Antonio Sivera,es ESP,GK,Alavés,es La Liga,30-048,1996,7,7,630,7,6,0.86,28,22,78.6,3,2,2,3,42.9,2,1,1,0,50
104,?ukasz Skorupski,pl POL,GK,Bologna,it Serie A,35-146,1991,4,4,360,4,5,1.25,14,9,64.3,0,2,2,0,0,0,0,0,0,0
105,David Soria,es ESP,GK,Getafe,es La Liga,33-177,1993,7,7,630,7,7,1,29,22,75.9,2,2,3,2,28.6,2,1,1,0,50
106,Filip Stankovic,rs SRB,GK,Venezia,it Serie A,24-215,2002,5,5,450,5,13,2.6,30,17,56.7,0,0,5,0,0,1,1,0,0,0
107,Zion Suzuki,jp JPN,GK,Aston Villa,eng Premier League,24-038,2002,4,4,360,4,5,1.25,20,15,75,1,1,2,1,25,0,0,0,0,0
108,Mile Svilar,rs SRB,GK,Roma,it Serie A,27-032,1999,5,5,450,5,3,0.6,16,13,81.3,4,1,0,3,60,0,0,0,0,0
109,Wojciech Szcz?sny,pl POL,GK,Barcelona,es La Liga,36-163,1990,1,0,45,0.5,1,2,1,0,0,0,0,0,0,,0,0,0,0,0
110,Demba Thiam,sn SEN,GK,Monza,it Serie A,28-203,1998,3,3,270,3,7,2.33,11,4,36.4,0,1,2,0,0,0,0,0,0,0
111,Noel Törnqvist,se SWE,GK,Monza,it Serie A,24-239,2002,1,1,90,1,1,1,8,7,87.5,1,0,0,0,0,0,0,0,0,0
112,James Trafford,eng ENG,GK,Leeds United,eng Premier League,23-353,2002,5,5,450,5,3,0.6,23,18,87,2,3,0,2,40,0,0,0,0,0
113,Kevin Trapp,de GER,GK,Paris FC,fr Ligue 1,36-082,1990,5,5,450,5,3,0.6,13,10,76.9,3,2,0,3,60,0,0,0,0,0
114,Kostas Tzolakis,gr GRE,GK,Hull City,eng Premier League,23-324,2002,5,5,450,5,4,0.8,20,16,80,2,2,1,3,60,1,0,1,0,100
115,Jonas Urbig,de GER,GK,Bayern Munich,de Bundesliga,23-051,2003,1,1,90,1,1,1,1,0,0,1,0,0,0,0,0,0,0,0,0
116,Álvaro Vallés,es ESP,GK,Real Betis,es La Liga,29-065,1997,7,7,630,7,7,1,37,30,81.1,5,1,1,4,57.1,1,0,1,0,100
117,Maarten Vandevoordt,be BEL,GK,RB Leipzig,de Bundesliga,24-214,2002,4,4,360,4,5,1.25,21,16,76.2,2,0,2,2,50,0,0,0,0,0
118,Bart Verbruggen,nl NED,GK,Brighton,eng Premier League,24-041,2002,5,5,450,5,5,1,17,12,70.6,3,1,1,3,60,0,0,0,0,0
119,Guglielmo Vicario,it ITA,GK,Juventus,it Serie A,29-356,1996,5,5,449,5,4,0.8,13,9,69.2,3,1,1,3,60,0,0,0,0,0
120,Odysseas Vlachodimos,gr GRE,GK,Sevilla,es La Liga,32-155,1994,7,7,630,7,9,1.29,29,20,69,4,1,2,2,28.6,0,0,0,0,0
121,Christian Walton,eng ENG,GK,Ipswich Town,eng Premier League,30-323,1995,1,1,90,1,1,1,2,1,50,0,0,1,0,0,0,0,0,0,0
122,Robin Zentner,de GER,GK,Mainz 05,de Bundesliga,31-335,1994,2,2,180,2,3,1.5,5,2,40,0,1,1,1,50,0,0,0,0,0
